KDI607VSOS900, IMG_6953
KDI613VEAS900, IMG_6954
KCI717VEAS900, IMG_6955
KCI675SCRS52X, IMG_6956
KCK177CVAS06W, IMG_6957
KCK177CVAS12X, IMG_6958
KCK211DAMS17X, IMG_6959
KCK318CMPS10W, IMG_6961
30MNTGN8072K, MicrosoftTeams-image_42
DSGTR1UXR10A0, MicrosoftTeams-image_44
DSGTS6UXR20B0, MicrosoftTeams-image_45
DSGTS2UXR20B0, MicrosoftTeams-image_45
SOSTELAIR1SZJ86, MicrosoftTeams-image_46
SOSTELAIR1807YB, MicrosoftTeams-image_48
DSGTS6UXR10A0, MicrosoftTeams-image_50
S5652CBAAM41G, MicrosoftTeams-image_53
S5652CCEHM900, MicrosoftTeams-image_54