KDI613VEAS900.jpeg, image-20210928-103700-a406b29c
KCK311VEAS10W.jpeg, image-20210928-103707-a441ed0e
KCK278BCRS29W.jpeg, image-20210928-103731-9f1c8777
KCK177CVAS06W.jpeg, image-20210928-103742-55a72762
KCK233TOKS56B.jpeg, image-20210928-103754-89c16e1e
KCK211DLPS26U.jpeg, image-20210928-103807-7573be37
KCK231TLCS900.jpeg, image-20210928-103810-3cb15816
KDI694XLCS20X.jpeg, image-20210928-103825-be7929ac
30MTS3UXR12A1.jpeg, IMG_6875
DSGTB1UXR10A0.jpeg, IMG_6877
DSGTA1UXR10A0.jpeg, IMG_6878
BOBYR1UXR42FR.jpeg, IMG_6880
DSGTS1UXR10A0.jpeg, IMG_6881
DSGTS2UXR20B0.jpeg, IMG_6883
DSGTS1UXR20B0.jpeg, IMG_6884
BOBYR1UXR10A0.jpeg,Â IMG_6885